<annotation>
	<folder>train</folder>
	<filename>augmented_chi_10 resized.jpg</filename>
	<path>/home/finnley/Desktop/github/New/train/augmented_chi_10 resized.jpg</path>
	<source>
		<database>Unknown</database>
	</source>
	<size>
		<width>800</width>
		<height>600</height>
		<depth>3</depth>
	</size>
	<segmented>0</segmented>
	<object>
		<name>childrens_pain_fever</name>
		<pose>Unspecified</pose>
		<truncated>0</truncated>
		<difficult>0</difficult>
		<bndbox>
			<xmin>274</xmin>
			<ymin>207</ymin>
			<xmax>480</xmax>
			<ymax>593</ymax>
		</bndbox>
	</object>
</annotation>
