<annotation>
	<folder>train</folder>
	<filename>children_pain_fever_07 resized.jpg</filename>
	<path>/home/finnley/Desktop/github/New/train/children_pain_fever_07 resized.jpg</path>
	<source>
		<database>Unknown</database>
	</source>
	<size>
		<width>800</width>
		<height>600</height>
		<depth>3</depth>
	</size>
	<segmented>0</segmented>
	<object>
		<name>childrens_pain_fever</name>
		<pose>Unspecified</pose>
		<truncated>1</truncated>
		<difficult>0</difficult>
		<bndbox>
			<xmin>275</xmin>
			<ymin>197</ymin>
			<xmax>419</xmax>
			<ymax>600</ymax>
		</bndbox>
	</object>
</annotation>
