<annotation>
	<folder>train</folder>
	<filename>desitin_4 resized.jpg</filename>
	<path>/home/finnley/Desktop/github/New/train/desitin_4 resized.jpg</path>
	<source>
		<database>Unknown</database>
	</source>
	<size>
		<width>800</width>
		<height>600</height>
		<depth>3</depth>
	</size>
	<segmented>0</segmented>
	<object>
		<name>desitin_rapid_relief</name>
		<pose>Unspecified</pose>
		<truncated>0</truncated>
		<difficult>0</difficult>
		<bndbox>
			<xmin>81</xmin>
			<ymin>34</ymin>
			<xmax>721</xmax>
			<ymax>258</ymax>
		</bndbox>
	</object>
</annotation>
