<annotation>
	<folder>train</folder>
	<filename>signature_pain_relief_10 resized.jpg</filename>
	<path>/home/finnley/Desktop/github/New/train/signature_pain_relief_10 resized.jpg</path>
	<source>
		<database>Unknown</database>
	</source>
	<size>
		<width>800</width>
		<height>600</height>
		<depth>3</depth>
	</size>
	<segmented>0</segmented>
	<object>
		<name>signature_pain_relief</name>
		<pose>Unspecified</pose>
		<truncated>0</truncated>
		<difficult>0</difficult>
		<bndbox>
			<xmin>289</xmin>
			<ymin>161</ymin>
			<xmax>456</xmax>
			<ymax>467</ymax>
		</bndbox>
	</object>
</annotation>
